Spectrum 1,Spectrum 1_x,Spectrum 1_y,Spectrum 2,Spectrum 2_x,Spectrum 2_y,Spectrum 3,Spectrum 3_x,Spectrum 3_y,Spectrum 4,Spectrum 4_x,Spectrum 4_y,Spectrum 5,Spectrum 5_x,Spectrum 5_y,peaks wavenumbers,peak information,reaction condition
500℃,1698.767334,28.19,400℃,1699.383667,37.25,300℃,1700,49.69,200℃,1700,38.81,100℃,1700,48.2,1460,,"DRIFTS spectra obtained during a TPD (in He, 10 °C/min) after exposing the NH3-presaturated sample to 500 ppm NO2/He."
,1698.151002,28.21,,1698.767334,37.14,,1699.383667,49.63,,1699.383667,38.73,,1699.383667,47.83,1575,,
,1697.534669,28.23,,1698.151002,37.03,,1698.767334,49.53,,1698.767334,38.61,,1698.767334,47.48,1596,NH3、NO3-,
,1696.918336,28.25,,1697.534669,36.92,,1698.151002,49.38,,1698.151002,38.47,,1698.151002,47.15,,,
,1696.302003,28.27,,1696.918336,36.8,,1697.534669,49.18,,1697.534669,38.3,,1697.534669,46.83,,,
,1695.68567,28.29,,1696.302003,36.67,,1696.918336,48.94,,1696.918336,38.11,,1696.918336,46.53,,,
,1695.069337,28.32,,1695.68567,36.53,,1696.302003,48.65,,1696.302003,37.85,,1696.302003,46.26,,,
,1694.453005,28.34,,1695.069337,36.37,,1695.68567,48.29,,1695.68567,37.57,,1695.68567,46.06,,,
,1693.836672,28.34,,1694.453005,36.25,,1695.069337,47.83,,1695.069337,37.36,,1695.069337,45.8,,,
,1693.220339,28.33,,1693.836672,36.11,,1694.453005,47.49,,1694.453005,37.05,,1694.453005,45.5,,,
,1692.604006,28.34,,1693.220339,36.02,,1693.836672,47.17,,1693.836672,36.88,,1693.836672,45.19,,,
,1691.987673,28.34,,1692.604006,35.95,,1693.220339,46.83,,1693.220339,36.65,,1693.220339,44.79,,,
,1691.371341,28.33,,1691.987673,35.85,,1692.604006,46.49,,1692.604006,36.48,,1692.604006,44.4,,,
,1690.755008,28.31,,1691.371341,35.73,,1691.987673,46.15,,1691.987673,36.36,,1691.987673,43.95,,,
,1690.138675,28.29,,1690.755008,35.56,,1691.371341,45.88,,1691.371341,36.19,,1691.371341,43.59,,,
,1689.522342,28.27,,1690.138675,35.43,,1690.755008,45.58,,1690.755008,36.01,,1690.755008,43.27,,,
,1688.906009,28.26,,1689.522342,35.29,,1690.138675,45.25,,1690.138675,35.8,,1690.138675,43.05,,,
,1688.289676,28.22,,1688.906009,35.15,,1689.522342,44.95,,1689.522342,35.57,,1689.522342,42.82,,,
,1687.673344,28.2,,1688.289676,35.02,,1688.906009,44.69,,1688.906009,35.38,,1688.906009,42.65,,,
,1687.057011,28.18,,1687.673344,34.86,,1688.289676,44.48,,1688.289676,35.13,,1688.289676,42.49,,,
,1686.440678,28.19,,1687.057011,34.71,,1687.673344,44.2,,1687.673344,34.98,,1687.673344,42.33,,,
,1685.824345,28.19,,1686.440678,34.58,,1687.057011,44.06,,1687.057011,34.84,,1687.057011,42.14,,,
,1685.208012,28.19,,1685.824345,34.54,,1686.440678,43.93,,1686.440678,34.74,,1686.440678,41.87,,,
,1684.59168,28.19,,1685.208012,34.47,,1685.824345,43.76,,1685.824345,34.65,,1685.824345,41.65,,,
,1683.975347,28.19,,1684.59168,34.38,,1685.208012,43.58,,1685.208012,34.59,,1685.208012,41.49,,,
,1683.359014,28.19,,1683.975347,34.32,,1684.59168,43.4,,1684.59168,34.52,,1684.59168,41.33,,,
,1682.742681,28.19,,1683.359014,34.25,,1683.975347,43.19,,1683.975347,34.45,,1683.975347,41.14,,,
,1682.126348,28.19,,1682.742681,34.19,,1683.359014,42.95,,1683.359014,34.37,,1683.359014,40.94,,,
,1681.510015,28.19,,1682.126348,34.12,,1682.742681,42.71,,1682.742681,34.3,,1682.742681,40.7,,,
,1680.893683,28.19,,1681.510015,34.03,,1682.126348,42.49,,1682.126348,34.23,,1682.126348,40.54,,,
,1680.27735,28.19,,1680.893683,33.94,,1681.510015,42.18,,1681.510015,34.15,,1681.510015,40.37,,,
,1679.661017,28.19,,1680.27735,33.89,,1680.893683,42.03,,1680.893683,34.08,,1680.893683,40.14,,,
,1679.044684,28.19,,1679.661017,33.9,,1680.27735,41.81,,1680.27735,34.01,,1680.27735,39.97,,,
,1678.428351,28.19,,1679.044684,33.85,,1679.661017,41.62,,1679.661017,33.93,,1679.661017,39.78,,,
,1677.812018,28.19,,1678.428351,33.78,,1679.044684,41.39,,1679.044684,33.86,,1679.044684,39.63,,,
,1677.195686,28.19,,1677.812018,33.74,,1678.428351,41.24,,1678.428351,33.78,,1678.428351,39.49,,,
,1676.579353,28.19,,1677.195686,33.69,,1677.812018,41.02,,1677.812018,33.71,,1677.812018,39.34,,,
,1675.96302,28.19,,1676.579353,33.65,,1677.195686,40.76,,1677.195686,33.64,,1677.195686,39.2,,,
,1675.346687,28.19,,1675.96302,33.62,,1676.579353,40.54,,1676.579353,33.57,,1676.579353,39.03,,,
,1674.730354,28.19,,1675.346687,33.59,,1675.96302,40.34,,1675.96302,33.51,,1675.96302,38.97,,,
,1674.114022,28.19,,1674.730354,33.56,,1675.346687,40.08,,1675.346687,33.46,,1675.346687,38.82,,,
,1673.497689,28.19,,1674.114022,33.55,,1674.730354,40,,1674.730354,33.41,,1674.730354,38.72,,,
,1672.881356,28.19,,1673.497689,33.54,,1674.114022,39.85,,1674.114022,33.36,,1674.114022,38.61,,,
,1672.265023,28.19,,1672.881356,33.54,,1673.497689,39.8,,1673.497689,33.31,,1673.497689,38.43,,,
,1671.64869,28.19,,1672.265023,33.52,,1672.881356,39.68,,1672.881356,33.25,,1672.881356,38.32,,,
,1671.032357,28.19,,1671.64869,33.5,,1672.265023,39.67,,1672.265023,33.2,,1672.265023,38.26,,,
,1670.416025,28.19,,1671.032357,33.48,,1671.64869,39.63,,1671.64869,33.15,,1671.64869,38.23,,,
,1669.799692,28.19,,1670.416025,33.47,,1671.032357,39.6,,1671.032357,33.1,,1671.032357,38.17,,,
,1669.183359,28.19,,1669.799692,33.44,,1670.416025,39.55,,1670.416025,33.05,,1670.416025,38.22,,,
,1668.567026,28.19,,1669.183359,33.4,,1669.799692,39.52,,1669.799692,33,,1669.799692,38.23,,,
,1667.950693,28.19,,1668.567026,33.36,,1669.183359,39.57,,1669.183359,32.94,,1669.183359,38.21,,,
,1667.334361,28.19,,1667.950693,33.31,,1668.567026,39.65,,1668.567026,32.89,,1668.567026,38.25,,,
,1666.718028,28.19,,1667.334361,33.27,,1667.950693,39.76,,1667.950693,32.84,,1667.950693,38.26,,,
,1666.101695,28.19,,1666.718028,33.22,,1667.334361,39.85,,1667.334361,32.79,,1667.334361,38.24,,,
,1665.485362,28.19,,1666.101695,33.16,,1666.718028,39.88,,1666.718028,32.74,,1666.718028,38.22,,,
,1664.869029,28.19,,1665.485362,33.11,,1666.101695,39.96,,1666.101695,32.69,,1666.101695,38.24,,,
,1664.252696,28.19,,1664.869029,33.06,,1665.485362,40.03,,1665.485362,32.63,,1665.485362,38.22,,,
,1663.636364,28.19,,1664.252696,33.04,,1664.869029,40.02,,1664.869029,32.58,,1664.869029,38.2,,,
,1663.020031,28.19,,1663.636364,33,,1664.252696,40.09,,1664.252696,32.53,,1664.252696,38.25,,,
,1662.403698,28.19,,1663.020031,33.01,,1663.636364,40.14,,1663.636364,32.48,,1663.636364,38.24,,,
,1661.787365,28.19,,1662.403698,33.03,,1663.020031,40.17,,1663.020031,32.39,,1663.020031,38.28,,,
,1661.171032,28.19,,1661.787365,33.03,,1662.403698,40.2,,1662.403698,32.36,,1662.403698,38.28,,,
,1660.5547,28.19,,1661.171032,33.04,,1661.787365,40.4,,1661.787365,32.36,,1661.787365,38.36,,,
,1659.938367,28.19,,1660.5547,33.06,,1661.171032,40.59,,1661.171032,32.36,,1661.171032,38.38,,,
,1659.322034,28.19,,1659.938367,33.08,,1660.5547,40.68,,1660.5547,32.35,,1660.5547,38.48,,,
,1658.705701,28.19,,1659.322034,33.12,,1659.938367,40.92,,1659.938367,32.32,,1659.938367,38.64,,,
,1658.089368,28.19,,1658.705701,33.14,,1659.322034,41.19,,1659.322034,32.29,,1659.322034,38.8,,,
,1657.473035,28.19,,1658.089368,33.23,,1658.705701,41.34,,1658.705701,32.31,,1658.705701,38.93,,,
,1656.856703,28.19,,1657.473035,33.36,,1658.089368,41.61,,1658.089368,32.36,,1658.089368,39.11,,,
,1656.24037,28.19,,1656.856703,33.49,,1657.473035,41.8,,1657.473035,32.45,,1657.473035,39.22,,,
,1655.624037,28.19,,1656.24037,33.64,,1656.856703,41.94,,1656.856703,32.46,,1656.856703,39.34,,,
,1655.007704,28.19,,1655.624037,33.79,,1656.24037,42.14,,1656.24037,32.57,,1656.24037,39.37,,,
,1654.391371,28.19,,1655.007704,33.98,,1655.624037,42.41,,1655.624037,32.69,,1655.624037,39.47,,,
,1653.775039,28.19,,1654.391371,34.18,,1655.007704,42.66,,1655.007704,32.78,,1655.007704,39.55,,,
,1653.158706,28.19,,1653.775039,34.33,,1654.391371,42.77,,1654.391371,32.81,,1654.391371,39.67,,,
,1652.542373,28.19,,1653.158706,34.49,,1653.775039,42.94,,1653.775039,32.78,,1653.775039,39.88,,,
,1651.92604,28.19,,1652.542373,34.65,,1653.158706,43.2,,1653.158706,32.73,,1653.158706,40.05,,,
,1651.309707,28.19,,1651.92604,34.78,,1652.542373,43.33,,1652.542373,32.71,,1652.542373,40.12,,,
,1650.693374,28.19,,1651.309707,34.89,,1651.92604,43.49,,1651.92604,32.69,,1651.92604,40.28,,,
,1650.077042,28.19,,1650.693374,34.93,,1651.309707,43.64,,1651.309707,32.68,,1651.309707,40.38,,,
,1649.460709,28.19,,1650.077042,35,,1650.693374,43.79,,1650.693374,32.59,,1650.693374,40.5,,,
,1648.844376,28.19,,1649.460709,35.04,,1650.077042,43.92,,1650.077042,32.57,,1650.077042,40.62,,,
,1648.228043,28.19,,1648.844376,35.08,,1649.460709,44.07,,1649.460709,32.6,,1649.460709,40.78,,,
,1647.61171,28.19,,1648.228043,35.1,,1648.844376,44.19,,1648.844376,32.62,,1648.844376,40.92,,,
,1646.995378,28.19,,1647.61171,35.08,,1648.228043,44.22,,1648.228043,32.64,,1648.228043,41.04,,,
,1646.379045,28.19,,1646.995378,35.06,,1647.61171,44.27,,1647.61171,32.64,,1647.61171,41.14,,,
,1645.762712,28.19,,1646.379045,35.09,,1646.995378,44.36,,1646.995378,32.64,,1646.995378,41.19,,,
,1645.146379,28.19,,1645.762712,35.13,,1646.379045,44.34,,1646.379045,32.63,,1646.379045,41.28,,,
,1644.530046,28.19,,1645.146379,35.19,,1645.762712,44.37,,1645.762712,32.61,,1645.762712,41.4,,,
,1643.913713,28.19,,1644.530046,35.23,,1645.146379,44.48,,1645.146379,32.6,,1645.146379,41.49,,,
,1643.297381,28.19,,1643.913713,35.28,,1644.530046,44.63,,1644.530046,32.64,,1644.530046,41.6,,,
,1642.681048,28.2,,1643.297381,35.3,,1643.913713,44.83,,1643.913713,32.71,,1643.913713,41.83,,,
,1642.064715,28.21,,1642.681048,35.36,,1643.297381,45.05,,1643.297381,32.85,,1643.297381,41.99,,,
,1641.448382,28.22,,1642.064715,35.46,,1642.681048,45.23,,1642.681048,32.98,,1642.681048,42.12,,,
,1640.832049,28.25,,1641.448382,35.52,,1642.064715,45.41,,1642.064715,33.04,,1642.064715,42.14,,,
,1640.215716,28.28,,1640.832049,35.56,,1641.448382,45.59,,1641.448382,33.06,,1641.448382,42.13,,,
,1639.599384,28.31,,1640.215716,35.63,,1640.832049,45.72,,1640.832049,33.1,,1640.832049,42.21,,,
,1638.983051,28.34,,1639.599384,35.74,,1640.215716,45.81,,1640.215716,33.11,,1640.215716,42.34,,,
,1638.366718,28.35,,1638.983051,35.83,,1639.599384,45.93,,1639.599384,33.05,,1639.599384,42.45,,,
,1637.750385,28.34,,1638.366718,35.92,,1638.983051,46.09,,1638.983051,33.06,,1638.983051,42.59,,,
,1637.134052,28.32,,1637.750385,36.04,,1638.366718,46.27,,1638.366718,33.13,,1638.366718,42.72,,,
,1636.51772,28.29,,1637.134052,36.11,,1637.750385,46.55,,1637.750385,33.15,,1637.750385,42.9,,,
,1635.901387,28.25,,1636.51772,36.21,,1637.134052,46.74,,1637.134052,33.27,,1637.134052,42.99,,,
,1635.285054,28.22,,1635.901387,36.31,,1636.51772,46.94,,1636.51772,33.31,,1636.51772,43.12,,,
,1634.668721,28.19,,1635.285054,36.35,,1635.901387,47.16,,1635.901387,33.37,,1635.901387,43.17,,,
,1634.052388,28.19,,1634.668721,36.45,,1635.285054,47.44,,1635.285054,33.44,,1635.285054,43.31,,,
,1633.436055,28.22,,1634.052388,36.53,,1634.668721,47.58,,1634.668721,33.49,,1634.668721,43.57,,,
,1632.819723,28.26,,1633.436055,36.65,,1634.052388,47.74,,1634.052388,33.6,,1634.052388,43.83,,,
,1632.20339,28.29,,1632.819723,36.81,,1633.436055,47.86,,1633.436055,33.59,,1633.436055,44.14,,,
,1631.587057,28.32,,1632.20339,37.05,,1632.819723,48.01,,1632.819723,33.73,,1632.819723,44.42,,,
,1630.970724,28.33,,1631.587057,37.31,,1632.20339,48.1,,1632.20339,33.82,,1632.20339,44.69,,,
,1630.354391,28.32,,1630.970724,37.48,,1631.587057,48.27,,1631.587057,33.82,,1631.587057,44.87,,,
,1629.738059,28.29,,1630.354391,37.67,,1630.970724,48.39,,1630.970724,33.97,,1630.970724,45.14,,,
,1629.121726,28.26,,1629.738059,37.82,,1630.354391,48.62,,1630.354391,34.04,,1630.354391,45.48,,,
,1628.505393,28.24,,1629.121726,38.01,,1629.738059,48.82,,1629.738059,34.18,,1629.738059,45.73,,,
,1627.88906,28.23,,1628.505393,38.24,,1629.121726,49.13,,1629.121726,34.27,,1629.121726,46.08,,,
,1627.272727,28.27,,1627.88906,38.42,,1628.505393,49.35,,1628.505393,34.33,,1628.505393,46.53,,,
,1626.656394,28.29,,1627.272727,38.63,,1627.88906,49.79,,1627.88906,34.48,,1627.88906,47.05,,,
,1626.040062,28.31,,1626.656394,38.91,,1627.272727,50.1,,1627.272727,34.57,,1627.272727,47.46,,,
,1625.423729,28.31,,1626.040062,39.23,,1626.656394,50.5,,1626.656394,34.76,,1626.656394,47.9,,,
,1624.807396,28.29,,1625.423729,39.51,,1626.040062,50.85,,1626.040062,34.86,,1626.040062,48.43,,,
,1624.191063,28.26,,1624.807396,39.75,,1625.423729,51.22,,1625.423729,34.98,,1625.423729,48.86,,,
,1623.57473,28.24,,1624.191063,39.99,,1624.807396,51.57,,1624.807396,35.33,,1624.807396,49.27,,,
,1622.958398,28.21,,1623.57473,40.19,,1624.191063,51.99,,1624.191063,35.54,,1624.191063,49.67,,,
,1622.342065,28.2,,1622.958398,40.44,,1623.57473,52.37,,1623.57473,35.85,,1623.57473,50.3,,,
,1621.725732,28.2,,1622.342065,40.62,,1622.958398,52.93,,1622.958398,36.3,,1622.958398,50.99,,,
,1621.109399,28.23,,1621.725732,40.75,,1622.342065,53.58,,1622.342065,36.74,,1622.342065,51.7,,,
,1620.493066,28.25,,1621.109399,40.93,,1621.725732,54.4,,1621.725732,37.09,,1621.725732,52.48,,,
,1619.876733,28.26,,1620.493066,41.15,,1621.109399,55.16,,1621.109399,37.43,,1621.109399,53.16,,,
,1619.260401,28.28,,1619.876733,41.39,,1620.493066,56.2,,1620.493066,37.82,,1620.493066,54.03,,,
,1618.644068,28.29,,1619.260401,41.63,,1619.876733,56.81,,1619.876733,38.38,,1619.876733,55,,,
,1618.027735,28.3,,1618.644068,41.88,,1619.260401,57.54,,1619.260401,39.13,,1619.260401,55.93,,,
,1617.411402,28.32,,1618.027735,42.06,,1618.644068,58.15,,1618.644068,39.89,,1618.644068,56.87,,,
,1616.795069,28.33,,1617.411402,42.26,,1618.027735,58.78,,1618.027735,40.55,,1618.027735,58.01,,,
,1616.178737,28.35,,1616.795069,42.5,,1617.411402,59.31,,1617.411402,41.37,,1617.411402,59.43,,,
,1615.562404,28.36,,1616.178737,42.73,,1616.795069,59.94,,1616.795069,42.29,,1616.795069,60.89,,,
,1614.946071,28.37,,1615.562404,43.01,,1616.178737,60.65,,1616.178737,42.81,,1616.178737,62.04,,,
,1614.329738,28.38,,1614.946071,43.36,,1615.562404,61.44,,1615.562404,43.27,,1615.562404,63.35,,,
,1613.713405,28.38,,1614.329738,43.72,,1614.946071,62.28,,1614.946071,43.76,,1614.946071,64.6,,,
,1613.097072,28.39,,1613.713405,44.16,,1614.329738,63.26,,1614.329738,44.52,,1614.329738,65.88,,,
,1612.48074,28.39,,1613.097072,44.64,,1613.713405,64.19,,1613.713405,45.35,,1613.713405,67.26,,,
,1611.864407,28.39,,1612.48074,45.07,,1613.097072,65.41,,1613.097072,46.26,,1613.097072,68.66,,,
,1611.248074,28.39,,1611.864407,45.42,,1612.48074,66.37,,1612.48074,47.1,,1612.48074,70.26,,,
,1610.631741,28.39,,1611.248074,45.81,,1611.864407,67.41,,1611.864407,47.85,,1611.864407,71.67,,,
,1610.015408,28.39,,1610.631741,46.18,,1611.248074,68.5,,1611.248074,48.63,,1611.248074,72.85,,,
,1609.399076,28.39,,1610.015408,46.53,,1610.631741,69.68,,1610.631741,49.32,,1610.631741,74,,,
,1608.782743,28.39,,1609.399076,46.94,,1610.015408,70.91,,1610.015408,49.88,,1610.015408,74.79,,,
,1608.16641,28.39,,1608.782743,47.27,,1609.399076,72.05,,1609.399076,50.61,,1609.399076,75.82,,,
,1607.550077,28.39,,1608.16641,47.54,,1608.782743,72.97,,1608.782743,51.27,,1608.782743,76.63,,,
,1606.933744,28.39,,1607.550077,47.87,,1608.16641,73.8,,1608.16641,52.12,,1608.16641,77.64,,,
,1606.317411,28.39,,1606.933744,48.22,,1607.550077,74.86,,1607.550077,52.78,,1607.550077,78.79,,,
,1605.701079,28.39,,1606.317411,48.46,,1606.933744,75.59,,1606.933744,53.49,,1606.933744,79.88,,,
,1605.084746,28.39,,1605.701079,48.71,,1606.317411,76.17,,1606.317411,54.33,,1606.317411,81.01,,,
,1604.468413,28.39,,1605.084746,48.94,,1605.701079,76.97,,1605.701079,55.2,,1605.701079,81.77,,,
,1603.85208,28.39,,1604.468413,49.14,,1605.084746,77.73,,1605.084746,55.98,,1605.084746,82.43,,,
,1603.235747,28.39,,1603.85208,49.3,,1604.468413,78.54,,1604.468413,56.8,,1604.468413,83.11,,,
,1602.619414,28.39,,1603.235747,49.51,,1603.85208,79.34,,1603.85208,57.78,,1603.85208,83.87,,,
,1602.003082,28.39,,1602.619414,49.65,,1603.235747,80.09,,1603.235747,58.7,,1603.235747,84.76,,,
,1601.386749,28.39,,1602.003082,49.87,,1602.619414,80.8,,1602.619414,59.48,,1602.619414,85.58,,,
,1600.770416,28.39,,1601.386749,50.08,,1602.003082,81.5,,1602.003082,60.28,,1602.003082,86.53,,,
,1600.154083,28.39,,1600.770416,50.26,,1601.386749,82.21,,1601.386749,60.98,,1601.386749,87.36,,,
,1599.53775,28.39,,1600.154083,50.33,,1600.770416,82.66,,1600.770416,61.62,,1600.770416,87.91,,,
,1598.921418,28.4,,1599.53775,50.4,,1600.154083,83.17,,1600.154083,62.31,,1600.154083,88.28,,,
,1598.305085,28.38,,1598.921418,50.39,,1599.53775,83.62,,1599.53775,62.87,,1599.53775,88.33,,,
,1597.688752,28.37,,1598.305085,50.37,,1598.921418,83.76,,1598.921418,63.11,,1598.921418,88.28,,,
,1597.072419,28.37,,1597.688752,50.33,,1598.305085,83.92,,1598.305085,63.21,,1598.305085,88.14,,,
,1596.456086,28.34,,1597.072419,50.35,,1597.688752,83.88,,1597.688752,63.07,,1597.688752,87.86,,,
,1595.839753,28.34,,1596.456086,50.35,,1597.072419,83.82,,1597.072419,62.83,,1597.072419,87.44,,,
,1595.223421,28.33,,1595.839753,50.38,,1596.456086,83.69,,1596.456086,62.36,,1596.456086,86.88,,,
,1594.607088,28.31,,1595.223421,50.39,,1595.839753,83.32,,1595.839753,61.86,,1595.839753,86.18,,,
,1593.990755,28.27,,1594.607088,50.28,,1595.223421,82.75,,1595.223421,61.1,,1595.223421,85.36,,,
,1593.374422,28.26,,1593.990755,50.12,,1594.607088,82.07,,1594.607088,60.48,,1594.607088,84.41,,,
,1592.758089,28.26,,1593.374422,49.81,,1593.990755,81.36,,1593.990755,59.63,,1593.990755,83.35,,,
,1592.141757,28.25,,1592.758089,49.46,,1593.374422,80.61,,1593.374422,58.8,,1593.374422,82.15,,,
,1591.525424,28.27,,1592.141757,49.05,,1592.758089,79.84,,1592.758089,57.88,,1592.758089,80.94,,,
,1590.909091,28.31,,1591.525424,48.62,,1592.141757,79.14,,1592.141757,56.8,,1592.141757,79.7,,,
,1590.292758,28.33,,1590.909091,48.18,,1591.525424,78.27,,1591.525424,55.75,,1591.525424,78.31,,,
,1589.676425,28.39,,1590.292758,47.73,,1590.909091,77.48,,1590.909091,54.93,,1590.909091,76.88,,,
,1589.060092,28.41,,1589.676425,47.29,,1590.292758,76.75,,1590.292758,54.06,,1590.292758,75.37,,,
,1588.44376,28.39,,1589.060092,46.93,,1589.676425,75.86,,1589.676425,53.5,,1589.676425,73.85,,,
,1587.827427,28.35,,1588.44376,46.59,,1589.060092,74.88,,1589.060092,53.11,,1589.060092,72.38,,,
,1587.211094,28.31,,1587.827427,46.32,,1588.44376,73.98,,1588.44376,53.05,,1588.44376,71.19,,,
,1586.594761,28.27,,1587.211094,46.07,,1587.827427,73.23,,1587.827427,53.24,,1587.827427,70.3,,,
,1585.978428,28.23,,1586.594761,45.93,,1587.211094,72.66,,1587.211094,53.54,,1587.211094,69.7,,,
,1585.362096,28.2,,1585.978428,45.87,,1586.594761,72.42,,1586.594761,54.49,,1586.594761,69.54,,,
,1584.745763,28.18,,1585.362096,45.87,,1585.978428,72.41,,1585.978428,55.5,,1585.978428,69.9,,,
,1584.12943,28.18,,1584.745763,46.01,,1585.362096,72.49,,1585.362096,57.05,,1585.362096,70.72,,,
,1583.513097,28.19,,1584.12943,46.26,,1584.745763,72.82,,1584.745763,58.9,,1584.745763,72.05,,,
,1582.896764,28.19,,1583.513097,46.52,,1584.12943,73.42,,1584.12943,60.69,,1584.12943,73.59,,,
,1582.280431,28.19,,1582.896764,46.86,,1583.513097,74.1,,1583.513097,62.88,,1583.513097,75.31,,,
,1581.664099,28.19,,1582.280431,47.31,,1582.896764,74.98,,1582.896764,65.16,,1582.896764,77.2,,,
,1581.047766,28.19,,1581.664099,47.73,,1582.280431,76.33,,1582.280431,67.36,,1582.280431,78.93,,,
,1580.431433,28.19,,1581.047766,48.17,,1581.664099,77.53,,1581.664099,69.47,,1581.664099,80.94,,,
,1579.8151,28.19,,1580.431433,48.6,,1581.047766,78.91,,1581.047766,71.59,,1581.047766,82.46,,,
,1579.198767,28.19,,1579.8151,49.07,,1580.431433,80.66,,1580.431433,73.82,,1580.431433,84,,,
,1578.582435,28.19,,1579.198767,49.58,,1579.8151,82.18,,1579.8151,75.77,,1579.8151,85.69,,,
,1577.966102,28.19,,1578.582435,50.15,,1579.198767,83.5,,1579.198767,77.7,,1579.198767,87.23,,,
,1577.349769,28.19,,1577.966102,50.65,,1578.582435,84.88,,1578.582435,79.38,,1578.582435,89.02,,,
,1576.733436,28.19,,1577.349769,51.15,,1577.966102,86,,1577.966102,80.71,,1577.966102,90.69,,,
,1576.117103,28.19,,1576.733436,51.66,,1577.349769,87.15,,1577.349769,82.06,,1577.349769,92.34,,,
,1575.50077,28.19,,1576.117103,52.17,,1576.733436,88.2,,1576.733436,83.25,,1576.733436,93.75,,,
,1574.884438,28.19,,1575.50077,52.54,,1576.117103,89.19,,1576.117103,84.2,,1576.117103,94.75,,,
,1574.268105,28.19,,1574.884438,52.86,,1575.50077,89.75,,1575.50077,84.94,,1575.50077,95.83,,,
,1573.651772,28.18,,1574.268105,53.16,,1574.884438,90.36,,1574.884438,85.69,,1574.884438,96.28,,,
,1573.035439,28.18,,1573.651772,53.45,,1574.268105,90.9,,1574.268105,86,,1574.268105,96.72,,,
,1572.419106,28.2,,1573.035439,53.7,,1573.651772,91.14,,1573.651772,86.25,,1573.651772,97.13,,,
,1571.802773,28.23,,1572.419106,53.87,,1573.035439,91.49,,1573.035439,86.3,,1573.035439,97.22,,,
,1571.186441,28.27,,1571.802773,53.96,,1572.419106,91.81,,1572.419106,86.18,,1572.419106,97.38,,,
,1570.570108,28.31,,1571.186441,54.05,,1571.802773,91.88,,1571.802773,85.79,,1571.802773,97.34,,,
,1569.953775,28.35,,1570.570108,54.11,,1571.186441,92.05,,1571.186441,85.43,,1571.186441,97.2,,,
,1569.337442,28.38,,1569.953775,54.11,,1570.570108,92.15,,1570.570108,84.98,,1570.570108,96.83,,,
,1568.721109,28.4,,1569.337442,54.11,,1569.953775,92.06,,1569.953775,84.49,,1569.953775,96.4,,,
,1568.104777,28.4,,1568.721109,54.12,,1569.337442,91.93,,1569.337442,84.06,,1569.337442,95.87,,,
,1567.488444,28.39,,1568.104777,54.21,,1568.721109,91.73,,1568.721109,83.54,,1568.721109,95.27,,,
,1566.872111,28.39,,1567.488444,54.29,,1568.104777,91.5,,1568.104777,83.22,,1568.104777,94.71,,,
,1566.255778,28.39,,1566.872111,54.38,,1567.488444,91.22,,1567.488444,82.87,,1567.488444,94.21,,,
,1565.639445,28.39,,1566.255778,54.43,,1566.872111,90.97,,1566.872111,82.65,,1566.872111,93.72,,,
,1565.023112,28.39,,1565.639445,54.5,,1566.255778,90.59,,1566.255778,82.24,,1566.255778,93.16,,,
,1564.40678,28.39,,1565.023112,54.55,,1565.639445,90.2,,1565.639445,81.79,,1565.639445,92.53,,,
,1563.790447,28.39,,1564.40678,54.61,,1565.023112,89.73,,1565.023112,81.45,,1565.023112,92.01,,,
,1563.174114,28.39,,1563.790447,54.59,,1564.40678,89.41,,1564.40678,80.96,,1564.40678,91.46,,,
,1562.557781,28.39,,1563.174114,54.53,,1563.790447,89.03,,1563.790447,80.39,,1563.790447,90.7,,,
,1561.941448,28.39,,1562.557781,54.35,,1563.174114,88.73,,1563.174114,79.64,,1563.174114,89.83,,,
,1561.325116,28.39,,1561.941448,54.13,,1562.557781,88.39,,1562.557781,78.73,,1562.557781,88.81,,,
,1560.708783,28.39,,1561.325116,53.85,,1561.941448,88,,1561.941448,77.93,,1561.941448,87.8,,,
,1560.09245,28.39,,1560.708783,53.53,,1561.325116,87.48,,1561.325116,77.02,,1561.325116,86.57,,,
,1559.476117,28.39,,1560.09245,53.13,,1560.708783,86.81,,1560.708783,76.17,,1560.708783,85.29,,,
,1558.859784,28.39,,1559.476117,52.74,,1560.09245,86.03,,1560.09245,75.34,,1560.09245,83.89,,,
,1558.243451,28.39,,1558.859784,52.33,,1559.476117,85.19,,1559.476117,74.5,,1559.476117,82.68,,,
,1557.627119,28.39,,1558.243451,51.87,,1558.859784,84.31,,1558.859784,73.78,,1558.859784,81.42,,,
,1557.010786,28.39,,1557.627119,51.39,,1558.243451,83.39,,1558.243451,73.13,,1558.243451,80.31,,,
,1556.394453,28.39,,1557.010786,50.8,,1557.627119,82.36,,1557.627119,72.29,,1557.627119,79.3,,,
,1555.77812,28.39,,1556.394453,50.25,,1557.010786,81.32,,1557.010786,71.2,,1557.010786,78.22,,,
,1555.161787,28.37,,1555.77812,49.64,,1556.394453,80.32,,1556.394453,70.07,,1556.394453,77.12,,,
,1554.545455,28.34,,1555.161787,49.1,,1555.77812,79.31,,1555.77812,69.1,,1555.77812,76.06,,,
,1553.929122,28.31,,1554.545455,48.55,,1555.161787,78.09,,1555.161787,68.06,,1555.161787,74.82,,,
,1553.312789,28.27,,1553.929122,47.98,,1554.545455,76.88,,1554.545455,67.1,,1554.545455,73.88,,,
,1552.696456,28.25,,1553.312789,47.43,,1553.929122,75.7,,1553.929122,66.14,,1553.929122,72.87,,,
,1552.080123,28.23,,1552.696456,46.89,,1553.312789,74.66,,1553.312789,65.11,,1553.312789,72.12,,,
,1551.46379,28.23,,1552.080123,46.33,,1552.696456,73.67,,1552.696456,64.25,,1552.696456,71.13,,,
,1550.847458,28.25,,1551.46379,45.82,,1552.080123,72.52,,1552.080123,63.55,,1552.080123,70.46,,,
,1550.231125,28.28,,1550.847458,45.32,,1551.46379,71.5,,1551.46379,62.86,,1551.46379,69.84,,,
,1549.614792,28.32,,1550.231125,44.9,,1550.847458,70.62,,1550.847458,62.29,,1550.847458,69.08,,,
,1548.998459,28.34,,1549.614792,44.43,,1550.231125,69.94,,1550.231125,61.94,,1550.231125,68.39,,,
,1548.382126,28.36,,1548.998459,44.07,,1549.614792,69.32,,1549.614792,61.83,,1549.614792,67.8,,,
,1547.765794,28.37,,1548.382126,43.75,,1548.998459,68.66,,1548.998459,61.84,,1548.998459,67.36,,,
,1547.149461,28.38,,1547.765794,43.52,,1548.382126,68.18,,1548.382126,61.91,,1548.382126,67.27,,,
,1546.533128,28.39,,1547.149461,43.38,,1547.765794,67.79,,1547.765794,62.02,,1547.765794,67.17,,,
,1545.916795,28.39,,1546.533128,43.33,,1547.149461,67.58,,1547.149461,62.11,,1547.149461,67.39,,,
,1545.300462,28.39,,1545.916795,43.35,,1546.533128,67.44,,1546.533128,62.27,,1546.533128,67.57,,,
,1544.684129,28.39,,1545.300462,43.42,,1545.916795,67.39,,1545.916795,62.42,,1545.916795,67.86,,,
,1544.067797,28.4,,1544.684129,43.49,,1545.300462,67.51,,1545.300462,62.6,,1545.300462,68.17,,,
,1543.451464,28.38,,1544.067797,43.55,,1544.684129,67.68,,1544.684129,62.89,,1544.684129,68.44,,,
,1542.835131,28.36,,1543.451464,43.62,,1544.067797,67.92,,1544.067797,63.11,,1544.067797,68.72,,,
,1542.218798,28.35,,1542.835131,43.73,,1543.451464,68.19,,1543.451464,63.52,,1543.451464,68.94,,,
,1541.602465,28.34,,1542.218798,43.82,,1542.835131,68.4,,1542.835131,63.94,,1542.835131,69.2,,,
,1540.986133,28.35,,1541.602465,43.87,,1542.218798,68.68,,1542.218798,64.41,,1542.218798,69.42,,,
,1540.3698,28.37,,1540.986133,43.91,,1541.602465,68.92,,1541.602465,64.86,,1541.602465,69.73,,,
,1539.753467,28.41,,1540.3698,43.93,,1540.986133,69.13,,1540.986133,65.3,,1540.986133,70.15,,,
,1539.137134,28.47,,1539.753467,43.94,,1540.3698,69.3,,1540.3698,65.68,,1540.3698,70.57,,,
,1538.520801,28.54,,1539.137134,43.96,,1539.753467,69.45,,1539.753467,66.05,,1539.753467,70.95,,,
,1537.904468,28.64,,1538.520801,43.96,,1539.137134,69.55,,1539.137134,66.35,,1539.137134,71.35,,,
,1537.288136,28.68,,1537.904468,43.98,,1538.520801,69.63,,1538.520801,66.69,,1538.520801,71.64,,,
,1536.671803,28.7,,1537.288136,44,,1537.904468,69.73,,1537.904468,66.96,,1537.904468,71.91,,,
,1536.05547,28.7,,1536.671803,44.05,,1537.288136,69.68,,1537.288136,67.21,,1537.288136,72.12,,,
,1535.439137,28.69,,1536.05547,44.04,,1536.671803,69.63,,1536.671803,67.4,,1536.671803,72.29,,,
,1534.822804,28.66,,1535.439137,43.98,,1536.05547,69.61,,1536.05547,67.62,,1536.05547,72.35,,,
,1534.206471,28.62,,1534.822804,43.92,,1535.439137,69.45,,1535.439137,67.71,,1535.439137,72.38,,,
,1533.590139,28.59,,1534.206471,43.88,,1534.822804,69.3,,1534.822804,67.76,,1534.822804,72.45,,,
,1532.973806,28.56,,1533.590139,43.86,,1534.206471,69.07,,1534.206471,67.71,,1534.206471,72.42,,,
,1532.357473,28.56,,1532.973806,43.82,,1533.590139,68.71,,1533.590139,67.72,,1533.590139,72.3,,,
,1531.74114,28.58,,1532.357473,43.78,,1532.973806,68.19,,1532.973806,67.66,,1532.973806,72.13,,,
,1531.124807,28.58,,1531.74114,43.68,,1532.357473,67.73,,1532.357473,67.62,,1532.357473,71.89,,,
,1530.508475,28.58,,1531.124807,43.61,,1531.74114,67.22,,1531.74114,67.49,,1531.74114,71.71,,,
,1529.892142,28.58,,1530.508475,43.49,,1531.124807,66.58,,1531.124807,67.37,,1531.124807,71.54,,,
,1529.275809,28.56,,1529.892142,43.38,,1530.508475,66.05,,1530.508475,67.24,,1530.508475,71.27,,,
,1528.659476,28.57,,1529.275809,43.28,,1529.892142,65.63,,1529.892142,67.22,,1529.892142,70.99,,,
,1528.043143,28.6,,1528.659476,43.17,,1529.275809,65.23,,1529.275809,67.13,,1529.275809,70.67,,,
,1527.42681,28.63,,1528.043143,43.1,,1528.659476,64.93,,1528.659476,67.11,,1528.659476,70.43,,,
,1526.810478,28.64,,1527.42681,43.03,,1528.043143,64.69,,1528.043143,67.18,,1528.043143,70.14,,,
,1526.194145,28.64,,1526.810478,42.86,,1527.42681,64.39,,1527.42681,67.26,,1527.42681,69.86,,,
,1525.577812,28.61,,1526.194145,42.7,,1526.810478,64.02,,1526.810478,67.35,,1526.810478,69.67,,,
,1524.961479,28.57,,1525.577812,42.54,,1526.194145,63.75,,1526.194145,67.46,,1526.194145,69.49,,,
,1524.345146,28.53,,1524.961479,42.37,,1525.577812,63.4,,1525.577812,67.56,,1525.577812,69.38,,,
,1523.728814,28.47,,1524.345146,42.18,,1524.961479,63.07,,1524.961479,67.75,,1524.961479,69.25,,,
,1523.112481,28.39,,1523.728814,42.07,,1524.345146,62.83,,1524.345146,67.94,,1524.345146,69.14,,,
,1522.496148,28.34,,1523.112481,41.95,,1523.728814,62.69,,1523.728814,68.27,,1523.728814,69.15,,,
,1521.879815,28.29,,1522.496148,41.78,,1523.112481,62.56,,1523.112481,68.62,,1523.112481,69.2,,,
,1521.263482,28.26,,1521.879815,41.65,,1522.496148,62.45,,1522.496148,69.24,,1522.496148,69.27,,,
,1520.647149,28.23,,1521.263482,41.54,,1521.879815,62.49,,1521.879815,69.78,,1521.879815,69.33,,,
,1520.030817,28.18,,1520.647149,41.42,,1521.263482,62.53,,1521.263482,70.33,,1521.263482,69.56,,,
,1519.414484,28.17,,1520.030817,41.3,,1520.647149,62.58,,1520.647149,71.01,,1520.647149,69.94,,,
,1518.798151,28.18,,1519.414484,41.19,,1520.030817,62.71,,1520.030817,71.68,,1520.030817,70.23,,,
,1518.181818,28.23,,1518.798151,41.07,,1519.414484,62.76,,1519.414484,72.28,,1519.414484,70.46,,,
,1517.565485,28.27,,1518.181818,40.99,,1518.798151,62.8,,1518.798151,72.78,,1518.798151,70.77,,,
,1516.949153,28.31,,1517.565485,40.92,,1518.181818,62.81,,1518.181818,73.29,,1518.181818,71,,,
,1516.33282,28.35,,1516.949153,40.82,,1517.565485,62.76,,1517.565485,73.75,,1517.565485,71.4,,,
,1515.716487,28.38,,1516.33282,40.74,,1516.949153,62.76,,1516.949153,74.26,,1516.949153,71.74,,,
,1515.100154,28.4,,1515.716487,40.69,,1516.33282,62.78,,1516.33282,74.9,,1516.33282,72.06,,,
,1514.483821,28.4,,1515.100154,40.68,,1515.716487,62.84,,1515.716487,75.47,,1515.716487,72.41,,,
,1513.867488,28.39,,1514.483821,40.68,,1515.100154,63.02,,1515.100154,76.05,,1515.100154,72.94,,,
,1513.251156,28.39,,1513.867488,40.63,,1514.483821,63.19,,1514.483821,76.81,,1514.483821,73.49,,,
,1512.634823,28.39,,1513.251156,40.64,,1513.867488,63.44,,1513.867488,77.42,,1513.867488,73.92,,,
,1512.01849,28.39,,1512.634823,40.68,,1513.251156,63.65,,1513.251156,77.87,,1513.251156,74.3,,,
,1511.402157,28.39,,1512.01849,40.72,,1512.634823,63.86,,1512.634823,78.26,,1512.634823,74.72,,,
,1510.785824,28.39,,1511.402157,40.76,,1512.01849,63.98,,1512.01849,78.58,,1512.01849,75.02,,,
,1510.169492,28.39,,1510.785824,40.79,,1511.402157,64.06,,1511.402157,78.9,,1511.402157,75.51,,,
,1509.553159,28.39,,1510.169492,40.83,,1510.785824,64.12,,1510.785824,79.22,,1510.785824,75.82,,,
,1508.936826,28.39,,1509.553159,40.85,,1510.169492,64.22,,1510.169492,79.65,,1510.169492,76.1,,,
,1508.320493,28.39,,1508.936826,40.87,,1509.553159,64.25,,1509.553159,80.18,,1509.553159,76.49,,,
,1507.70416,28.39,,1508.320493,40.86,,1508.936826,64.32,,1508.936826,80.66,,1508.936826,76.91,,,
,1507.087827,28.4,,1507.70416,40.87,,1508.320493,64.26,,1508.320493,81.19,,1508.320493,77.27,,,
,1506.471495,28.4,,1507.087827,40.83,,1507.70416,64.29,,1507.70416,81.66,,1507.70416,77.57,,,
,1505.855162,28.38,,1506.471495,40.84,,1507.087827,64.34,,1507.087827,82.07,,1507.087827,77.86,,,
,1505.238829,28.35,,1505.855162,40.84,,1506.471495,64.44,,1506.471495,82.61,,1506.471495,78.08,,,
,1504.622496,28.29,,1505.238829,40.84,,1505.855162,64.48,,1505.855162,83,,1505.855162,78.32,,,
,1504.006163,28.26,,1504.622496,40.84,,1505.238829,64.45,,1505.238829,83.54,,1505.238829,78.56,,,
,1503.389831,28.24,,1504.006163,40.85,,1504.622496,64.43,,1504.622496,83.92,,1504.622496,78.81,,,
,1502.773498,28.24,,1503.389831,40.86,,1504.006163,64.46,,1504.006163,84.47,,1504.006163,79.04,,,
,1502.157165,28.25,,1502.773498,40.88,,1503.389831,64.42,,1503.389831,84.99,,1503.389831,79.3,,,
,1501.540832,28.28,,1502.157165,40.93,,1502.773498,64.36,,1502.773498,85.4,,1502.773498,79.59,,,
,1500.924499,28.32,,1501.540832,40.98,,1502.157165,64.27,,1502.157165,85.87,,1502.157165,79.82,,,
,1500.308166,28.33,,1500.924499,40.95,,1501.540832,64.23,,1501.540832,86.34,,1501.540832,79.98,,,
,1499.691834,28.33,,1500.308166,40.95,,1500.924499,64.21,,1500.924499,86.73,,1500.924499,80.16,,,
,1499.075501,28.32,,1499.691834,40.91,,1500.308166,64.22,,1500.308166,87.26,,1500.308166,80.26,,,
,1498.459168,28.29,,1499.075501,40.85,,1499.691834,64.27,,1499.691834,87.72,,1499.691834,80.35,,,
,1497.842835,28.27,,1498.459168,40.78,,1499.075501,64.3,,1499.075501,88.21,,1499.075501,80.36,,,
,1497.226502,28.26,,1497.842835,40.71,,1498.459168,64.38,,1498.459168,88.53,,1498.459168,80.43,,,
,1496.610169,28.24,,1497.226502,40.66,,1497.842835,64.4,,1497.842835,88.98,,1497.842835,80.46,,,
,1495.993837,28.22,,1496.610169,40.63,,1497.226502,64.52,,1497.226502,89.31,,1497.226502,80.45,,,
,1495.377504,28.2,,1495.993837,40.64,,1496.610169,64.68,,1496.610169,89.62,,1496.610169,80.43,,,
,1494.761171,28.2,,1495.377504,40.66,,1495.993837,64.92,,1495.993837,90.05,,1495.993837,80.38,,,
,1494.144838,28.2,,1494.761171,40.66,,1495.377504,65.1,,1495.377504,90.3,,1495.377504,80.34,,,
,1493.528505,28.22,,1494.144838,40.65,,1494.761171,65.27,,1494.761171,90.49,,1494.761171,80.33,,,
,1492.912173,28.27,,1493.528505,40.65,,1494.144838,65.46,,1494.144838,90.67,,1494.144838,80.22,,,
,1492.29584,28.28,,1492.912173,40.65,,1493.528505,65.64,,1493.528505,90.84,,1493.528505,80.14,,,
,1491.679507,28.31,,1492.29584,40.66,,1492.912173,65.68,,1492.912173,90.93,,1492.912173,80.01,,,
,1491.063174,28.33,,1491.679507,40.69,,1492.29584,65.66,,1492.29584,91.03,,1492.29584,79.97,,,
,1490.446841,28.34,,1491.063174,40.77,,1491.679507,65.61,,1491.679507,91.14,,1491.679507,79.92,,,
,1489.830508,28.35,,1490.446841,40.81,,1491.063174,65.65,,1491.063174,91.24,,1491.063174,79.9,,,
,1489.214176,28.35,,1489.830508,40.84,,1490.446841,65.67,,1490.446841,91.41,,1490.446841,79.88,,,
,1488.597843,28.36,,1489.214176,40.88,,1489.830508,65.67,,1489.830508,91.51,,1489.830508,79.95,,,
,1487.98151,28.37,,1488.597843,40.91,,1489.214176,65.51,,1489.214176,91.6,,1489.214176,80.03,,,
,1487.365177,28.38,,1487.98151,40.86,,1488.597843,65.44,,1488.597843,91.58,,1488.597843,80.08,,,
,1486.748844,28.4,,1487.365177,40.79,,1487.98151,65.32,,1487.98151,91.52,,1487.98151,80.12,,,
,1486.132512,28.39,,1486.748844,40.65,,1487.365177,65.07,,1487.365177,91.5,,1487.365177,80.23,,,
,1485.516179,28.4,,1486.132512,40.54,,1486.748844,64.68,,1486.748844,91.45,,1486.748844,80.33,,,
,1484.899846,28.4,,1485.516179,40.41,,1486.132512,64.37,,1486.132512,91.37,,1486.132512,80.44,,,
,1484.283513,28.38,,1484.899846,40.31,,1485.516179,64.16,,1485.516179,91.27,,1485.516179,80.55,,,
,1483.66718,28.33,,1484.283513,40.19,,1484.899846,63.96,,1484.899846,91.23,,1484.899846,80.7,,,
,1483.050847,28.31,,1483.66718,40.08,,1484.283513,63.75,,1484.283513,91.26,,1484.283513,80.84,,,
,1482.434515,28.29,,1483.050847,40,,1483.66718,63.54,,1483.66718,91.28,,1483.66718,80.96,,,
,1481.818182,28.26,,1482.434515,39.89,,1483.050847,63.36,,1483.050847,91.43,,1483.050847,80.99,,,
,1481.201849,28.24,,1481.818182,39.72,,1482.434515,63.26,,1482.434515,91.46,,1482.434515,81.01,,,
,1480.585516,28.22,,1481.201849,39.53,,1481.818182,63.23,,1481.818182,91.57,,1481.818182,81.07,,,
,1479.969183,28.21,,1480.585516,39.32,,1481.201849,63.16,,1481.201849,91.62,,1481.201849,81.14,,,
,1479.352851,28.22,,1479.969183,39.18,,1480.585516,63.16,,1480.585516,91.56,,1480.585516,81.2,,,
,1478.736518,28.21,,1479.352851,39.04,,1479.969183,63.23,,1479.969183,91.46,,1479.969183,81.25,,,
,1478.120185,28.2,,1478.736518,38.95,,1479.352851,63.31,,1479.352851,91.4,,1479.352851,81.25,,,
,1477.503852,28.18,,1478.120185,38.94,,1478.736518,63.39,,1478.736518,91.32,,1478.736518,81.14,,,
,1476.887519,28.19,,1477.503852,38.95,,1478.120185,63.51,,1478.120185,91.16,,1478.120185,80.99,,,
,1476.271186,28.19,,1476.887519,38.98,,1477.503852,63.59,,1477.503852,91.04,,1477.503852,80.79,,,
,1475.654854,28.19,,1476.271186,39.01,,1476.887519,63.65,,1476.887519,90.94,,1476.887519,80.51,,,
,1475.038521,28.18,,1475.654854,39.03,,1476.271186,63.59,,1476.271186,90.81,,1476.271186,80.27,,,
,1474.422188,28.18,,1475.038521,39.05,,1475.654854,63.61,,1475.654854,90.7,,1475.654854,80.11,,,
,1473.805855,28.2,,1474.422188,39.06,,1475.038521,63.61,,1475.038521,90.54,,1475.038521,80.04,,,
,1473.189522,28.23,,1473.805855,39.08,,1474.422188,63.66,,1474.422188,90.38,,1474.422188,79.98,,,
,1472.57319,28.26,,1473.189522,39.1,,1473.805855,63.59,,1473.805855,90.3,,1473.805855,79.97,,,
,1471.956857,28.3,,1472.57319,39.11,,1473.189522,63.49,,1473.189522,90.26,,1473.189522,79.98,,,
,1471.340524,28.35,,1471.956857,39.11,,1472.57319,63.33,,1472.57319,90.21,,1472.57319,79.98,,,
,1470.724191,28.42,,1471.340524,39.1,,1471.956857,63.22,,1471.956857,90.12,,1471.956857,79.98,,,
,1470.107858,28.49,,1470.724191,39.08,,1471.340524,63.08,,1471.340524,90.11,,1471.340524,80.05,,,
,1469.491525,28.56,,1470.107858,39.06,,1470.724191,62.86,,1470.724191,90.11,,1470.724191,80.16,,,
,1468.875193,28.61,,1469.491525,39.03,,1470.107858,62.58,,1470.107858,90.11,,1470.107858,80.3,,,
,1468.25886,28.68,,1468.875193,39,,1469.491525,62.35,,1469.491525,90.06,,1469.491525,80.52,,,
,1467.642527,28.73,,1468.25886,38.97,,1468.875193,62.17,,1468.875193,90.11,,1468.875193,80.67,,,
,1467.026194,28.76,,1467.642527,38.95,,1468.25886,62,,1468.25886,90.27,,1468.25886,80.84,,,
,1466.409861,28.78,,1467.026194,38.91,,1467.642527,61.77,,1467.642527,90.52,,1467.642527,80.98,,,
,1465.793529,28.78,,1466.409861,38.93,,1467.026194,61.53,,1467.026194,90.84,,1467.026194,81.07,,,
,1465.177196,28.78,,1465.793529,39,,1466.409861,61.28,,1466.409861,91.16,,1466.409861,81.15,,,
,1464.560863,28.77,,1465.177196,39.09,,1465.793529,61.17,,1465.793529,91.46,,1465.793529,81.27,,,
,1463.94453,28.77,,1464.560863,39.21,,1465.177196,61.1,,1465.177196,91.67,,1465.177196,81.4,,,
,1463.328197,28.77,,1463.94453,39.35,,1464.560863,60.99,,1464.560863,91.9,,1464.560863,81.56,,,
,1462.711864,28.78,,1463.328197,39.44,,1463.94453,60.98,,1463.94453,91.99,,1463.94453,81.71,,,
,1462.095532,28.78,,1462.711864,39.54,,1463.328197,61.04,,1463.328197,92.16,,1463.328197,81.93,,,
,1461.479199,28.76,,1462.095532,39.68,,1462.711864,61.19,,1462.711864,92.4,,1462.711864,82.02,,,
,1460.862866,28.73,,1461.479199,39.77,,1462.095532,61.36,,1462.095532,92.85,,1462.095532,82.18,,,
,1460.246533,28.69,,1460.862866,39.84,,1461.479199,61.45,,1461.479199,93.39,,1461.479199,82.29,,,
,1459.6302,28.65,,1460.246533,40,,1460.862866,61.58,,1460.862866,93.98,,1460.862866,82.34,,,
,1459.013867,28.58,,1459.6302,40.1,,1460.246533,61.75,,1460.246533,94.59,,1460.246533,82.31,,,
,1458.397535,28.56,,1459.013867,40.19,,1459.6302,61.93,,1459.6302,95.32,,1459.6302,82.34,,,
,1457.781202,28.6,,1458.397535,40.27,,1459.013867,62.09,,1459.013867,95.91,,1459.013867,82.19,,,
,1457.164869,28.63,,1457.781202,40.33,,1458.397535,62.22,,1458.397535,96.66,,1458.397535,82.07,,,
,1456.548536,28.7,,1457.164869,40.33,,1457.781202,62.42,,1457.781202,97.25,,1457.781202,81.93,,,
,1455.932203,28.77,,1456.548536,40.33,,1457.164869,62.56,,1457.164869,97.88,,1457.164869,81.82,,,
,1455.315871,28.85,,1455.932203,40.33,,1456.548536,62.63,,1456.548536,98.3,,1456.548536,81.7,,,
,1454.699538,28.93,,1455.315871,40.28,,1455.932203,62.61,,1455.932203,98.83,,1455.932203,81.71,,,
,1454.083205,29.01,,1454.699538,40.28,,1455.315871,62.54,,1455.315871,99.23,,1455.315871,81.76,,,
,1453.466872,29.07,,1454.083205,40.25,,1454.699538,62.48,,1454.699538,99.54,,1454.699538,81.75,,,
,1452.850539,29.08,,1453.466872,40.17,,1454.083205,62.34,,1454.083205,99.79,,1454.083205,81.69,,,
,1452.234206,29.11,,1452.850539,40.16,,1453.466872,62.21,,1453.466872,100,,1453.466872,81.71,,,
,1451.617874,29.13,,1452.234206,40.17,,1452.850539,62.12,,1452.850539,99.94,,1452.850539,81.68,,,
,1451.001541,29.09,,1451.617874,40.19,,1452.234206,62,,1452.234206,99.87,,1452.234206,81.65,,,
,1450.385208,29.03,,1451.001541,40.21,,1451.617874,61.77,,1451.617874,99.63,,1451.617874,81.61,,,
,1449.768875,28.96,,1450.385208,40.16,,1451.001541,61.48,,1451.001541,99.31,,1451.001541,81.61,,,
,1449.152542,28.88,,1449.768875,40.11,,1450.385208,61.18,,1450.385208,98.81,,1450.385208,81.58,,,
,1448.53621,28.86,,1449.152542,40.04,,1449.768875,60.88,,1449.768875,98.51,,1449.768875,81.58,,,
,1447.919877,28.8,,1448.53621,39.96,,1449.152542,60.57,,1449.152542,98.1,,1449.152542,81.51,,,
,1447.303544,28.77,,1447.919877,39.82,,1448.53621,60.28,,1448.53621,97.65,,1448.53621,81.34,,,
,1446.687211,28.81,,1447.303544,39.71,,1447.919877,60.03,,1447.919877,97,,1447.919877,81.16,,,
,1446.070878,28.79,,1446.687211,39.61,,1447.303544,59.84,,1447.303544,96.07,,1447.303544,80.97,,,
,1445.454545,28.8,,1446.070878,39.52,,1446.687211,59.65,,1446.687211,94.98,,1446.687211,80.78,,,
,1444.838213,28.82,,1445.454545,39.45,,1446.070878,59.44,,1446.070878,93.77,,1446.070878,80.55,,,
,1444.22188,28.84,,1444.838213,39.38,,1445.454545,59.21,,1445.454545,92.7,,1445.454545,80.33,,,
,1443.605547,28.87,,1444.22188,39.31,,1444.838213,59.15,,1444.838213,91.58,,1444.838213,80.22,,,
,1442.989214,28.88,,1443.605547,39.26,,1444.22188,59.05,,1444.22188,90.39,,1444.22188,80.04,,,
,1442.372881,28.9,,1442.989214,39.26,,1443.605547,58.99,,1443.605547,89.56,,1443.605547,79.9,,,
,1441.756549,28.87,,1442.372881,39.2,,1442.989214,58.94,,1442.989214,88.86,,1442.989214,79.74,,,
,1441.140216,28.9,,1441.756549,39.17,,1442.372881,59,,1442.372881,88.23,,1442.372881,79.6,,,
,1440.523883,28.96,,1441.140216,39.11,,1441.756549,59.07,,1441.756549,87.6,,1441.756549,79.38,,,
,1439.90755,28.96,,1440.523883,39.05,,1441.140216,59.05,,1441.140216,87.02,,1441.140216,79.07,,,
,1439.291217,29.01,,1439.90755,38.94,,1440.523883,58.98,,1440.523883,86.56,,1440.523883,78.59,,,
,1438.674884,29.06,,1439.291217,38.8,,1439.90755,58.92,,1439.90755,86.16,,1439.90755,78.05,,,
,1438.058552,29.11,,1438.674884,38.67,,1439.291217,58.79,,1439.291217,85.88,,1439.291217,77.64,,,
,1437.442219,29.17,,1438.058552,38.56,,1438.674884,58.71,,1438.674884,85.35,,1438.674884,77.15,,,
,1436.825886,29.17,,1437.442219,38.48,,1438.058552,58.62,,1438.058552,84.51,,1438.058552,76.66,,,
,1436.209553,29.16,,1436.825886,38.44,,1437.442219,58.54,,1437.442219,83.89,,1437.442219,76.22,,,
,1435.59322,29.15,,1436.209553,38.4,,1436.825886,58.46,,1436.825886,83.14,,1436.825886,75.87,,,
,1434.976888,29.15,,1435.59322,38.43,,1436.209553,58.36,,1436.209553,82.38,,1436.209553,75.5,,,
,1434.360555,29.16,,1434.976888,38.47,,1435.59322,58.27,,1435.59322,81.73,,1435.59322,75.01,,,
,1433.744222,29.17,,1434.360555,38.52,,1434.976888,58.11,,1434.976888,81.04,,1434.976888,74.48,,,
,1433.127889,29.17,,1433.744222,38.53,,1434.360555,57.89,,1434.360555,80.47,,1434.360555,73.92,,,
,1432.511556,29.13,,1433.127889,38.57,,1433.744222,57.59,,1433.744222,79.98,,1433.744222,73.4,,,
,1431.895223,29.09,,1432.511556,38.6,,1433.127889,57.21,,1433.127889,79.56,,1433.127889,72.92,,,
,1431.278891,29.01,,1431.895223,38.55,,1432.511556,56.95,,1432.511556,79,,1432.511556,72.37,,,
,1430.662558,28.88,,1431.278891,38.49,,1431.895223,56.65,,1431.895223,78.41,,1431.895223,72.01,,,
,1430.046225,28.82,,1430.662558,38.41,,1431.278891,56.11,,1431.278891,78.05,,1431.278891,71.59,,,
,1429.429892,28.75,,1430.046225,38.34,,1430.662558,55.69,,1430.662558,77.64,,1430.662558,71.1,,,
,1428.813559,28.7,,1429.429892,38.18,,1430.046225,55.25,,1430.046225,77.47,,1430.046225,70.53,,,
,1428.197227,28.64,,1428.813559,38.03,,1429.429892,54.79,,1429.429892,77.23,,1429.429892,69.97,,,
,1427.580894,28.66,,1428.197227,37.9,,1428.813559,54.29,,1428.813559,77.04,,1428.813559,69.48,,,
,1426.964561,28.65,,1427.580894,37.73,,1428.197227,53.77,,1428.197227,76.74,,1428.197227,69.05,,,
,1426.348228,28.66,,1426.964561,37.63,,1427.580894,53.2,,1427.580894,76.45,,1427.580894,68.62,,,
,1425.731895,28.74,,1426.348228,37.48,,1426.964561,52.75,,1426.964561,76.02,,1426.964561,68.2,,,
,1425.115562,28.73,,1425.731895,37.32,,1426.348228,52.37,,1426.348228,75.46,,1426.348228,67.99,,,
,1424.49923,28.73,,1425.115562,37.19,,1425.731895,52,,1425.731895,74.86,,1425.731895,67.86,,,
,1423.882897,28.81,,1424.49923,37.05,,1425.115562,51.57,,1425.115562,74.25,,1425.115562,67.59,,,
,1423.266564,28.88,,1423.882897,36.91,,1424.49923,51.33,,1424.49923,73.74,,1424.49923,67.2,,,
,1422.650231,28.87,,1423.266564,36.71,,1423.882897,51.12,,1423.882897,73.27,,1423.882897,66.92,,,
,1422.033898,28.87,,1422.650231,36.56,,1423.266564,50.9,,1423.266564,72.86,,1423.266564,66.55,,,
,1421.417565,28.89,,1422.033898,36.42,,1422.650231,50.73,,1422.650231,72.45,,1422.650231,66.31,,,
,1420.801233,28.8,,1421.417565,36.22,,1422.033898,50.54,,1422.033898,71.95,,1422.033898,65.94,,,
,1420.1849,28.77,,1420.801233,36.11,,1421.417565,50.39,,1421.417565,71.6,,1421.417565,65.7,,,
,1419.568567,28.8,,1420.1849,35.99,,1420.801233,50.2,,1420.801233,71.14,,1420.801233,65.32,,,
,1418.952234,28.76,,1419.568567,35.92,,1420.1849,50,,1420.1849,70.67,,1420.1849,65.07,,,
,1418.335901,28.76,,1418.952234,35.85,,1419.568567,49.88,,1419.568567,70.02,,1419.568567,64.85,,,
,1417.719569,28.78,,1418.335901,35.77,,1418.952234,49.65,,1418.952234,69.42,,1418.952234,64.54,,,
,1417.103236,28.81,,1417.719569,35.69,,1418.335901,49.42,,1418.335901,68.78,,1418.335901,64.16,,,
,1416.486903,28.78,,1417.103236,35.59,,1417.719569,49.25,,1417.719569,68.21,,1417.719569,63.78,,,
,1415.87057,28.82,,1416.486903,35.48,,1417.103236,49.1,,1417.103236,67.55,,1417.103236,63.23,,,
,1415.254237,28.82,,1415.87057,35.36,,1416.486903,48.98,,1416.486903,66.89,,1416.486903,62.79,,,
,1414.637904,28.81,,1415.254237,35.24,,1415.87057,48.89,,1415.87057,66.35,,1415.87057,62.31,,,
,1414.021572,28.87,,1414.637904,35.19,,1415.254237,48.68,,1415.254237,65.78,,1415.254237,61.87,,,
,1413.405239,28.97,,1414.021572,35.14,,1414.637904,48.41,,1414.637904,65.23,,1414.637904,61.37,,,
,1412.788906,29.05,,1413.405239,35.08,,1414.021572,48.19,,1414.021572,64.63,,1414.021572,60.95,,,
,1412.172573,29.08,,1412.788906,34.99,,1413.405239,47.98,,1413.405239,63.93,,1413.405239,60.7,,,
,1411.55624,29.09,,1412.172573,34.9,,1412.788906,47.66,,1412.788906,63.36,,1412.788906,60.27,,,
,1410.939908,29.1,,1411.55624,34.85,,1412.172573,47.35,,1412.172573,62.63,,1412.172573,59.92,,,
,1410.323575,29.12,,1410.939908,34.74,,1411.55624,47.03,,1411.55624,62.1,,1411.55624,59.44,,,
,1409.707242,29.14,,1410.323575,34.68,,1410.939908,46.72,,1410.939908,61.56,,1410.939908,58.84,,,
,1409.090909,29.17,,1409.707242,34.58,,1410.323575,46.46,,1410.323575,61.08,,1410.323575,58.32,,,
,1408.474576,29.22,,1409.090909,34.52,,1409.707242,46.23,,1409.707242,60.64,,1409.707242,57.84,,,
,1407.858243,29.26,,1408.474576,34.48,,1409.090909,45.93,,1409.090909,60.23,,1409.090909,57.39,,,
,1407.241911,29.3,,1407.858243,34.44,,1408.474576,45.77,,1408.474576,59.79,,1408.474576,56.93,,,
,1406.625578,29.31,,1407.241911,34.36,,1407.858243,45.56,,1407.858243,59.23,,1407.858243,56.3,,,
,1406.009245,29.28,,1406.625578,34.24,,1407.241911,45.36,,1407.241911,58.5,,1407.241911,55.86,,,
,1405.392912,29.24,,1406.009245,34.08,,1406.625578,45.2,,1406.625578,57.89,,1406.625578,55.23,,,
,1404.776579,29.2,,1405.392912,33.98,,1406.009245,45.1,,1406.009245,57.13,,1406.009245,54.77,,,
,1404.160247,29.19,,1404.776579,33.8,,1405.392912,44.82,,1405.392912,56.41,,1405.392912,54.2,,,
,1403.543914,29.2,,1404.160247,33.67,,1404.776579,44.62,,1404.776579,55.77,,1404.776579,53.68,,,
,1402.927581,29.21,,1403.543914,33.5,,1404.160247,44.39,,1404.160247,55.18,,1404.160247,53.18,,,
,1402.311248,29.22,,1402.927581,33.42,,1403.543914,44.16,,1403.543914,54.63,,1403.543914,52.63,,,
,1401.694915,29.21,,1402.311248,33.3,,1402.927581,43.96,,1402.927581,54.26,,1402.927581,52.15,,,
,1401.078582,29.15,,1401.694915,33.26,,1402.311248,43.74,,1402.311248,53.75,,1402.311248,51.44,,,
,1400.46225,29.09,,1401.078582,33.19,,1401.694915,43.48,,1401.694915,53.23,,1401.694915,50.59,,,
,1399.845917,29.06,,1400.46225,33.09,,1401.078582,43.32,,1401.078582,52.72,,1401.078582,49.98,,,
,1399.229584,28.98,,1399.845917,32.96,,1400.46225,43.09,,1400.46225,52.44,,1400.46225,49.29,,,
,1398.613251,28.87,,1399.229584,32.87,,1399.845917,42.86,,1399.845917,51.92,,1399.845917,48.76,,,
,1397.996918,28.83,,1398.613251,32.71,,1399.229584,42.54,,1399.229584,51.43,,1399.229584,48.18,,,
,1397.380586,28.79,,1397.996918,32.65,,1398.613251,42.27,,1398.613251,51.06,,1398.613251,47.76,,,
,1396.764253,28.74,,1397.380586,32.57,,1397.996918,41.89,,1397.996918,50.77,,1397.996918,47.21,,,
,1396.14792,28.69,,1396.764253,32.51,,1397.380586,41.44,,1397.380586,50.4,,1397.380586,46.69,,,
,1395.531587,28.6,,1396.14792,32.42,,1396.764253,41.01,,1396.764253,49.96,,1396.764253,46.26,,,
,1394.915254,28.49,,1395.531587,32.38,,1396.14792,40.68,,1396.14792,49.46,,1396.14792,45.71,,,
,1394.298921,28.4,,1394.915254,32.36,,1395.531587,40.29,,1395.531587,49,,1395.531587,45.26,,,
,1393.682589,28.35,,1394.298921,32.34,,1394.915254,39.98,,1394.915254,48.6,,1394.915254,45.02,,,
,1393.066256,28.27,,1393.682589,32.34,,1394.298921,39.6,,1394.298921,48.27,,1394.298921,44.73,,,
,1392.449923,28.2,,1393.066256,32.35,,1393.682589,39.32,,1393.682589,47.67,,1393.682589,44.49,,,
,1391.83359,28.19,,1392.449923,32.35,,1393.066256,39.12,,1393.066256,47.23,,1393.066256,44.22,,,
,1391.217257,28.18,,1391.83359,32.41,,1392.449923,38.86,,1392.449923,46.8,,1392.449923,44.02,,,
,1390.600924,28.18,,1391.217257,32.42,,1391.83359,38.49,,1391.83359,46.49,,1391.83359,43.81,,,
,1389.984592,28.19,,1390.600924,32.42,,1391.217257,38.13,,1391.217257,46.1,,1391.217257,43.64,,,
,1389.368259,28.18,,1389.984592,32.42,,1390.600924,37.83,,1390.600924,45.57,,1390.600924,43.41,,,
,1388.751926,28.18,,1389.368259,32.43,,1389.984592,37.52,,1389.984592,45.19,,1389.984592,43.21,,,
,1388.135593,28.2,,1388.751926,32.46,,1389.368259,37.19,,1389.368259,44.8,,1389.368259,43.06,,,
,1387.51926,28.23,,1388.135593,32.45,,1388.751926,36.91,,1388.751926,44.43,,1388.751926,42.89,,,
,1386.902928,28.27,,1387.51926,32.35,,1388.135593,36.73,,1388.135593,44.08,,1388.135593,42.6,,,
,1386.286595,28.31,,1386.902928,32.24,,1387.51926,36.61,,1387.51926,43.58,,1387.51926,42.28,,,
,1385.670262,28.34,,1386.286595,32.15,,1386.902928,36.55,,1386.902928,43.2,,1386.902928,41.97,,,
,1385.053929,28.37,,1385.670262,32.02,,1386.286595,36.49,,1386.286595,42.78,,1386.286595,41.7,,,
,1384.437596,28.38,,1385.053929,31.91,,1385.670262,36.42,,1385.670262,42.43,,1385.670262,41.37,,,
,1383.821263,28.38,,1384.437596,31.78,,1385.053929,36.46,,1385.053929,42.05,,1385.053929,41.06,,,
,1383.204931,28.35,,1383.821263,31.68,,1384.437596,36.39,,1384.437596,41.66,,1384.437596,40.77,,,
,1382.588598,28.34,,1383.204931,31.62,,1383.821263,36.34,,1383.821263,41.41,,1383.821263,40.57,,,
,1381.972265,28.33,,1382.588598,31.58,,1383.204931,36.26,,1383.204931,41.2,,1383.204931,40.4,,,
,1381.355932,28.32,,1381.972265,31.51,,1382.588598,36.12,,1382.588598,41,,1382.588598,40.22,,,
,1380.739599,28.32,,1381.355932,31.41,,1381.972265,36.03,,1381.972265,40.82,,1381.972265,40.01,,,
,1380.123267,28.31,,1380.739599,31.36,,1381.355932,35.9,,1381.355932,40.67,,1381.355932,39.79,,,
,1379.506934,28.3,,1380.123267,31.32,,1380.739599,35.8,,1380.739599,40.58,,1380.739599,39.59,,,
,1378.890601,28.29,,1379.506934,31.25,,1380.123267,35.76,,1380.123267,40.46,,1380.123267,39.45,,,
,1378.274268,28.28,,1378.890601,31.21,,1379.506934,35.67,,1379.506934,40.33,,1379.506934,39.21,,,
,1377.657935,28.27,,1378.274268,31.13,,1378.890601,35.56,,1378.890601,40.19,,1378.890601,39.03,,,
,1377.041602,28.26,,1377.657935,31.07,,1378.274268,35.46,,1378.274268,39.97,,1378.274268,38.76,,,
,1376.42527,28.25,,1377.041602,31.01,,1377.657935,35.36,,1377.657935,39.81,,1377.657935,38.48,,,
,1375.808937,28.25,,1376.42527,30.94,,1377.041602,35.13,,1377.041602,39.6,,1377.041602,38.24,,,
,1375.192604,28.24,,1375.808937,30.87,,1376.42527,34.96,,1376.42527,39.38,,1376.42527,38.06,,,
,1374.576271,28.23,,1375.192604,30.81,,1375.808937,34.82,,1375.808937,39.2,,1375.808937,37.85,,,
,1373.959938,28.22,,1374.576271,30.76,,1375.192604,34.73,,1375.192604,39.07,,1375.192604,37.66,,,
,1373.343606,28.21,,1373.959938,30.72,,1374.576271,34.7,,1374.576271,38.9,,1374.576271,37.57,,,
,1372.727273,28.2,,1373.343606,30.69,,1373.959938,34.65,,1373.959938,38.74,,1373.959938,37.54,,,
,1372.11094,28.2,,1372.727273,30.68,,1373.343606,34.56,,1373.343606,38.57,,1373.343606,37.45,,,
,1371.494607,28.19,,1372.11094,30.68,,1372.727273,34.48,,1372.727273,38.39,,1372.727273,37.39,,,
,1370.878274,28.19,,1371.494607,30.68,,1372.11094,34.38,,1372.11094,38.2,,1372.11094,37.31,,,
,1370.261941,28.19,,1370.878274,30.69,,1371.494607,34.26,,1371.494607,38.04,,1371.494607,37.23,,,
,1369.645609,28.19,,1370.261941,30.72,,1370.878274,34.06,,1370.878274,37.86,,1370.878274,37.2,,,
,1369.029276,28.19,,1369.645609,30.7,,1370.261941,33.82,,1370.261941,37.74,,1370.261941,37.22,,,
,1368.412943,28.19,,1369.029276,30.66,,1369.645609,33.69,,1369.645609,37.65,,1369.645609,37.16,,,
,1367.79661,28.19,,1368.412943,30.63,,1369.029276,33.52,,1369.029276,37.55,,1369.029276,37.11,,,
,1367.180277,28.19,,1367.79661,30.57,,1368.412943,33.42,,1368.412943,37.41,,1368.412943,37.07,,,
,1366.563945,28.19,,1367.180277,30.5,,1367.79661,33.33,,1367.79661,37.28,,1367.79661,37.01,,,
,1365.947612,28.2,,1366.563945,30.43,,1367.180277,33.29,,1367.180277,37.17,,1367.180277,36.9,,,
,1365.331279,28.21,,1365.947612,30.36,,1366.563945,33.26,,1366.563945,37.06,,1366.563945,36.81,,,
,1364.714946,28.23,,1365.331279,30.31,,1365.947612,33.19,,1365.947612,36.93,,1365.947612,36.71,,,
,1364.098613,28.27,,1364.714946,30.28,,1365.331279,33.16,,1365.331279,36.82,,1365.331279,36.59,,,
,1363.48228,28.3,,1364.098613,30.28,,1364.714946,33.11,,1364.714946,36.71,,1364.714946,36.45,,,
,1362.865948,28.31,,1363.48228,30.24,,1364.098613,33.07,,1364.098613,36.59,,1364.098613,36.3,,,
,1362.249615,28.31,,1362.865948,30.22,,1363.48228,33.1,,1363.48228,36.48,,1363.48228,36.13,,,
,1361.633282,28.29,,1362.249615,30.22,,1362.865948,33.13,,1362.865948,36.36,,1362.865948,35.96,,,
,1361.016949,28.27,,1361.633282,30.18,,1362.249615,33.15,,1362.249615,36.25,,1362.249615,35.78,,,
,1360.400616,28.24,,1361.016949,30.13,,1361.633282,33.12,,1361.633282,36.13,,1361.633282,35.6,,,
,1359.784284,28.21,,1360.400616,30.04,,1361.016949,33.06,,1361.016949,36.01,,1361.016949,35.43,,,
,1359.167951,28.18,,1359.784284,29.93,,1360.400616,33.03,,1360.400616,35.9,,1360.400616,35.27,,,
,1358.551618,28.18,,1359.167951,29.81,,1359.784284,32.97,,1359.784284,35.79,,1359.784284,35.08,,,
,1357.935285,28.19,,1358.551618,29.74,,1359.167951,32.82,,1359.167951,35.69,,1359.167951,34.93,,,
,1357.318952,28.19,,1357.935285,29.68,,1358.551618,32.75,,1358.551618,35.59,,1358.551618,34.88,,,
,1356.702619,28.19,,1357.318952,29.65,,1357.935285,32.7,,1357.935285,35.5,,1357.935285,34.78,,,
,1356.086287,28.19,,1356.702619,29.6,,1357.318952,32.74,,1357.318952,35.41,,1357.318952,34.76,,,
,1355.469954,28.19,,1356.086287,29.53,,1356.702619,32.75,,1356.702619,35.33,,1356.702619,34.72,,,
,1354.853621,28.19,,1355.469954,29.46,,1356.086287,32.7,,1356.086287,35.25,,1356.086287,34.67,,,
,1354.237288,28.19,,1354.853621,29.43,,1355.469954,32.61,,1355.469954,35.16,,1355.469954,34.56,,,
,1353.620955,28.19,,1354.237288,29.35,,1354.853621,32.61,,1354.853621,35.08,,1354.853621,34.45,,,
,1353.004622,28.19,,1353.620955,29.24,,1354.237288,32.63,,1354.237288,34.99,,1354.237288,34.31,,,
,1352.38829,28.19,,1353.004622,29.15,,1353.620955,32.53,,1353.620955,34.91,,1353.620955,34.14,,,
,1351.771957,28.19,,1352.38829,29.11,,1353.004622,32.33,,1353.004622,34.82,,1353.004622,34.03,,,
,1351.155624,28.19,,1351.771957,29.11,,1352.38829,32.16,,1352.38829,34.74,,1352.38829,33.97,,,
,1350.539291,28.2,,1351.155624,29.14,,1351.771957,32.02,,1351.771957,34.65,,1351.771957,33.87,,,
,1349.922958,28.22,,1350.539291,29.15,,1351.155624,31.95,,1351.155624,34.56,,1351.155624,33.84,,,
,1349.306626,28.25,,1349.922958,29.16,,1350.539291,31.84,,1350.539291,34.44,,1350.539291,33.84,,,
,1348.690293,28.3,,1349.306626,29.21,,1349.922958,31.78,,1349.922958,34.39,,1349.922958,33.81,,,
,1348.07396,28.35,,1348.690293,29.28,,1349.306626,31.67,,1349.306626,34.34,,1349.306626,33.81,,,
,1347.457627,28.42,,1348.07396,29.28,,1348.690293,31.61,,1348.690293,34.29,,1348.690293,33.76,,,
,1346.841294,28.49,,1347.457627,29.25,,1348.07396,31.57,,1348.07396,34.26,,1348.07396,33.75,,,
,1346.224961,28.53,,1346.841294,29.21,,1347.457627,31.51,,1347.457627,34.19,,1347.457627,33.71,,,
,1345.608629,28.54,,1346.224961,29.17,,1346.841294,31.4,,1346.841294,34.2,,1346.841294,33.62,,,
,1344.992296,28.5,,1345.608629,29.16,,1346.224961,31.31,,1346.224961,34.21,,1346.224961,33.51,,,
,1344.375963,28.47,,1344.992296,29.15,,1345.608629,31.2,,1345.608629,34.22,,1345.608629,33.4,,,
,1343.75963,28.41,,1344.375963,29.15,,1344.992296,31.12,,1344.992296,34.28,,1344.992296,33.29,,,
,1343.143297,28.34,,1343.75963,29.16,,1344.375963,31.04,,1344.375963,34.29,,1344.375963,33.21,,,
,1342.526965,28.28,,1343.143297,29.17,,1343.75963,30.89,,1343.75963,34.34,,1343.75963,33.18,,,
,1341.910632,28.25,,1342.526965,29.15,,1343.143297,30.79,,1343.143297,34.37,,1343.143297,33.21,,,
,1341.294299,28.26,,1341.910632,29.12,,1342.526965,30.74,,1342.526965,34.34,,1342.526965,33.21,,,
,1340.677966,28.3,,1341.294299,29.09,,1341.910632,30.68,,1341.910632,34.29,,1341.910632,33.25,,,
,1340.061633,28.39,,1340.677966,29.06,,1341.294299,30.72,,1341.294299,34.2,,1341.294299,33.26,,,
,1339.4453,28.45,,1340.061633,29.06,,1340.677966,30.73,,1340.677966,34.18,,1340.677966,33.24,,,
,1338.828968,28.46,,1339.4453,29.06,,1340.061633,30.7,,1340.061633,34.12,,1340.061633,33.23,,,
,1338.212635,28.46,,1338.828968,29.07,,1339.4453,30.65,,1339.4453,34.55,,1339.4453,33.23,,,
,1337.596302,28.42,,1338.212635,29.09,,1338.828968,30.59,,1338.828968,34.5,,1338.828968,33.26,,,
,1336.979969,28.35,,1337.596302,29.12,,1338.212635,30.51,,1338.212635,33.42,,1338.212635,33.25,,,
,1336.363636,28.28,,,,,1337.596302,30.49,,1337.596302,32.64,,1337.596302,33.28,,,
,1335.747304,28.21,,,,,1336.979969,30.5,,1336.979969,32.71,,1336.979969,33.24,,,
,1335.130971,28.17,,,,,1336.363636,30.5,,1336.363636,31.88,,1336.363636,33.2,,,
,1334.514638,28.16,,,,,1335.747304,30.48,,1335.747304,31.42,,1335.747304,33.16,,,
,1333.898305,28.19,,,,,1335.130971,30.52,,1335.130971,31.86,,1335.130971,33.1,,,
,1333.281972,28.19,,,,,1334.514638,30.51,,1334.514638,32.07,,1334.514638,33.08,,,
,1332.665639,28.19,,,,,1333.898305,30.45,,1333.898305,32.18,,1333.898305,33.1,,,
,1332.049307,28.19,,,,,1333.281972,30.4,,1333.281972,32.33,,1333.281972,33.16,,,
,1331.432974,28.19,,,,,1332.665639,30.34,,1332.665639,31.5,,1332.665639,33.24,,,
,1330.816641,28.19,,,,,1332.049307,30.28,,1332.049307,29.59,,1332.049307,33.25,,,
,1330.200308,28.19,,,,,1331.432974,30.26,,1331.432974,29.01,,1331.432974,33.17,,,
,1329.583975,28.19,,,,,1330.816641,30.19,,1330.816641,29.34,,1330.816641,33.08,,,
,1328.967643,28.19,,,,,1330.200308,30.2,,1330.200308,29.23,,1330.200308,33,,,
,1328.35131,28.19,,,,,1329.583975,30.17,,1329.583975,30.32,,1329.583975,32.96,,,
,1327.734977,28.19,,,,,1328.967643,30.14,,1328.967643,32.12,,1328.967643,32.83,,,
,1327.118644,28.19,,,,,1328.35131,30.11,,1328.35131,33.34,,1328.35131,32.78,,,
,1326.502311,28.19,,,,,1327.734977,30.08,,1327.734977,34.28,,1327.734977,32.7,,,
,1325.885978,28.19,,,,,1327.118644,30.06,,1327.118644,34.9,,1327.118644,32.64,,,
,1325.269646,28.19,,,,,1326.502311,30.03,,1326.502311,35.05,,1326.502311,32.55,,,
,1324.653313,28.19,,,,,1325.885978,30.01,,1325.885978,34.55,,1325.885978,32.41,,,
,1324.03698,28.2,,,,,1325.269646,29.97,,1325.269646,34.53,,1325.269646,32.28,,,
,1323.420647,28.2,,,,,1324.653313,29.93,,1324.653313,34.55,,1324.653313,32.2,,,
,1322.804314,28.2,,,,,1324.03698,29.88,,1324.03698,34.51,,1324.03698,32.12,,,
,1322.187982,28.19,,,,,1323.420647,29.83,,1323.420647,34.48,,1323.420647,32.07,,,
,1321.571649,28.16,,,,,1322.804314,29.77,,1322.804314,34.49,,1322.804314,31.95,,,
,1320.955316,28.12,,,,,1322.187982,29.67,,1322.187982,35.05,,1322.187982,31.96,,,
,1320.338983,28.07,,,,,1321.571649,29.62,,1321.571649,34.41,,1321.571649,31.92,,,
,1319.72265,28.01,,,,,1320.955316,29.66,,1320.955316,33.91,,1320.955316,31.87,,,
,1319.106317,27.95,,,,,1320.338983,29.69,,1320.338983,33.62,,1320.338983,31.83,,,
,1318.489985,27.88,,,,,1319.72265,29.69,,1319.72265,33.47,,1319.72265,31.76,,,
,1317.873652,27.82,,,,,1319.106317,29.65,,1319.106317,34.02,,1319.106317,31.77,,,
,1317.257319,27.76,,,,,1318.489985,29.58,,1318.489985,34.03,,1318.489985,31.75,,,
,1316.640986,27.71,,,,,1317.873652,29.49,,1317.873652,33.03,,1317.873652,31.81,,,
,1316.024653,27.67,,,,,1317.257319,29.39,,1317.257319,32.97,,1317.257319,31.86,,,
,1315.40832,27.64,,,,,1316.640986,29.26,,1316.640986,32.74,,1316.640986,31.9,,,
,1314.791988,27.62,,,,,1316.024653,29.14,,1316.024653,31.89,,1316.024653,31.94,,,
,1314.175655,27.6,,,,,1315.40832,29.1,,1315.40832,30.42,,1315.40832,31.94,,,
,1313.559322,27.61,,,,,1314.791988,29.13,,1314.791988,29.96,,1314.791988,31.98,,,
,1312.942989,27.62,,,,,1314.175655,29.13,,1314.175655,30.16,,1314.175655,32.04,,,
,1312.326656,27.62,,,,,1313.559322,29.15,,1313.559322,31,,1313.559322,32.03,,,
,1311.710324,27.62,,,,,1312.942989,29.13,,1312.942989,32.49,,1312.942989,32.09,,,
,1311.093991,27.61,,,,,1312.326656,29.2,,1312.326656,33.77,,1312.326656,32.16,,,
,1310.477658,27.6,,,,,1311.710324,29.25,,1311.710324,34.02,,1311.710324,32.3,,,
,1309.861325,27.62,,,,,1311.093991,29.32,,1311.093991,34.6,,1311.093991,32.36,,,
,1309.244992,27.64,,,,,1310.477658,29.39,,1310.477658,33.77,,1310.477658,32.4,,,
,1308.628659,27.67,,,,,1309.861325,29.45,,1309.861325,31.53,,1309.861325,32.35,,,
,1308.012327,27.71,,,,,1309.244992,29.5,,1309.244992,30.39,,1309.244992,32.29,,,
,1307.395994,27.76,,,,,1308.628659,29.53,,1308.628659,29.77,,1308.628659,32.26,,,
,1306.779661,27.82,,,,,1308.012327,29.54,,1308.012327,30.3,,1308.012327,32.19,,,
,,,,,,,1307.395994,29.54,,1307.395994,30.24,,1307.395994,32.16,,,
,,,,,,,1306.779661,29.52,,1306.779661,30.93,,1306.779661,32.14,,,
,,,,,,,1306.163328,29.55,,1306.163328,32.85,,1306.163328,32.2,,,
,,,,,,,1305.546995,29.54,,1305.546995,33.02,,1305.546995,32.24,,,
,,,,,,,1304.930663,29.54,,1304.930663,33.07,,1304.930663,32.22,,,
,,,,,,,1304.31433,29.54,,1304.31433,32.9,,1304.31433,32.24,,,
,,,,,,,1303.697997,29.54,,1303.697997,32.42,,1303.697997,32.21,,,
,,,,,,,1303.081664,29.5,,1303.081664,32.65,,1303.081664,32.14,,,
,,,,,,,1302.465331,29.53,,1302.465331,33.11,,1302.465331,32.12,,,
,,,,,,,1301.848998,29.57,,1301.848998,33.81,,1301.848998,32.11,,,
,,,,,,,1301.232666,29.62,,1301.232666,34.74,,1301.232666,32.1,,,
,,,,,,,1300.616333,29.68,,1300.616333,35.91,,1300.616333,32.1,,,
,,,,,,,1300,29.76,,,,,1300,32.11,,,
